Date,Open,High,Low,Close,Adj Close,Volume
1/2/2019,259.279999,269.75,256.579987,267.660004,267.660004,11679500
1/3/2019,270.200012,275.790009,264.429993,271.200012,271.200012,14969600
1/4/2019,281.880005,297.799988,278.540009,297.570007,297.570007,19330100
1/7/2019,302.100006,316.799988,301.649994,315.339996,315.339996,18620100
1/8/2019,319.980011,320.589996,308.01001,320.269989,320.269989,15359200
1/9/2019,317.709991,323.350006,313.5,319.959991,319.959991,13343200
1/10/2019,314.570007,325.369995,312.5,324.660004,324.660004,13472500
1/11/2019,330.959991,341.089996,328.519989,337.589996,337.589996,19500400
1/14/2019,334.23999,335.480011,329.130005,332.940002,332.940002,10499600
1/15/2019,349.600006,357.220001,347,354.640015,354.640015,21181200
1/16/2019,354,358.850006,348.109985,351.390015,351.390015,15385500
1/17/2019,349.5,355.790009,346.410004,353.190002,353.190002,18871200
1/18/2019,351.970001,353,336.730011,339.100006,339.100006,26621000
1/22/2019,334.890015,336.880005,321.029999,325.160004,325.160004,17941400
1/23/2019,328.25,331.75,318.600006,321.98999,321.98999,13480100
1/24/2019,320.600006,331.799988,319,326.670013,326.670013,11131600
1/25/2019,328.720001,340,328.51001,338.049988,338.049988,11152900
1/28/2019,334.700012,336.299988,328.880005,335.660004,335.660004,8652100
1/29/2019,335.869995,338.220001,328.149994,328.899994,328.899994,7655200
1/30/2019,332.75,341.779999,330.799988,340.660004,340.660004,9234500
1/31/2019,339.679993,345.98999,338.089996,339.5,339.5,8535500
2/1/2019,337.179993,346.839996,336.5,339.850006,339.850006,9827800
2/4/2019,342.600006,352,341.299988,351.339996,351.339996,9051400
2/5/2019,353.200012,360,352.899994,355.809998,355.809998,9046600
2/6/2019,357,357.040009,347.190002,352.190002,352.190002,6717700
2/7/2019,347.899994,348.75,339.019989,344.709991,344.709991,7864500
2/8/2019,338,348,338,347.570007,347.570007,7561400
2/11/2019,350,352.869995,344.809998,345.730011,345.730011,5454900
2/12/2019,348.089996,360,346.519989,359.970001,359.970001,10429400
2/13/2019,357.299988,359.600006,350.279999,351.769989,351.769989,10559100
2/14/2019,351.75,360.450012,348.329987,359.070007,359.070007,9295300
2/15/2019,358.470001,364.399994,355.5,356.869995,356.869995,9230000
2/19/2019,355.799988,365,355.320007,361.920013,361.920013,7396600
2/20/2019,364.850006,366.709991,356.700012,359.910004,359.910004,8110700
2/21/2019,360.029999,362.850006,353.880005,356.970001,356.970001,6227900
2/22/2019,360.339996,366.130005,360.049988,363.019989,363.019989,7088200
2/25/2019,367.01001,371.48999,363.790009,363.910004,363.910004,7569300
2/26/2019,362.980011,365.700012,359.329987,364.970001,364.970001,4944600
2/27/2019,363.5,368.029999,359.799988,362.869995,362.869995,5629900
2/28/2019,362.470001,366.390015,357.709991,358.100006,358.100006,6186800
3/1/2019,362.26001,362.869995,354.690002,357.320007,357.320007,5526500
3/4/2019,359.720001,362.25,348.040009,351.040009,351.040009,7487000
3/5/2019,351.459991,356.170013,348.25,354.299988,354.299988,5937800
3/6/2019,353.600006,359.880005,351.700012,359.609985,359.609985,6211900
3/7/2019,360.160004,362.859985,350.5,352.600006,352.600006,6151300
3/8/2019,345.75,349.920013,342.470001,349.600006,349.600006,6898800
3/11/2019,352,358.980011,350.029999,358.859985,358.859985,5387300
3/12/2019,359.369995,360.130005,353.799988,356.269989,356.269989,5164600
3/13/2019,355.809998,362.480011,352.769989,361.209991,361.209991,6444100
3/14/2019,360.5,363.839996,358.100006,358.820007,358.820007,5271400
3/15/2019,361.019989,364,358.890015,361.459991,361.459991,8444500
3/18/2019,362.470001,370.970001,361.859985,363.440002,363.440002,7194700
3/19/2019,366.399994,366.959991,356.799988,358.779999,358.779999,7541400
3/20/2019,358.910004,375.899994,357.01001,375.220001,375.220001,10917200
3/21/2019,374,379,370.609985,377.869995,377.869995,8544000
3/22/2019,375.950012,376.429993,360.040009,361.01001,361.01001,8661300
3/25/2019,359,367.040009,357.440002,366.230011,366.230011,8473800
3/26/2019,367.869995,368.380005,358.019989,359.970001,359.970001,7666500
3/27/2019,361,362.470001,350.369995,353.369995,353.369995,7852400
3/28/2019,354.48999,355.940002,349.200012,354.609985,354.609985,4361000
3/29/2019,357.160004,358.25,353.709991,356.559998,356.559998,4705600
4/1/2019,359,368.329987,358.51001,366.959991,366.959991,7036100
4/2/2019,366.25,368.420013,362.220001,367.720001,367.720001,5158700
4/3/2019,369.26001,373.410004,366.190002,369.75,369.75,5368900
4/4/2019,370.070007,372.049988,362.399994,367.880005,367.880005,4627300
4/5/2019,369,369.799988,364.660004,365.48999,365.48999,3905500
4/8/2019,365.109985,365.940002,359.929993,361.410004,361.410004,4653800
4/9/2019,360.540009,366.73999,359,364.709991,364.709991,5439200
4/10/2019,365.790009,368.850006,362.25,363.920013,363.920013,4545600
4/11/2019,365,370.119995,360.809998,367.649994,367.649994,6526900
4/12/2019,360.690002,361.75,349.359985,351.140015,351.140015,15646200
4/15/2019,350.709991,352.209991,342.269989,348.869995,348.869995,8842300
4/16/2019,355,364.480011,352.720001,359.459991,359.459991,18740200
4/17/2019,365.049988,368.76001,350.600006,354.73999,354.73999,18054100
4/18/2019,355,360.410004,351.640015,360.350006,360.350006,8353200
4/22/2019,359.700012,377.690002,359,377.339996,377.339996,11980500
4/23/2019,375.450012,384.799988,374.709991,381.890015,381.890015,10089800
4/24/2019,381.070007,381.899994,373.269989,374.230011,374.230011,6541900
4/25/2019,374.48999,374.76001,365.700012,368.329987,368.329987,6255500
4/26/2019,368.350006,375.140015,366.23999,374.850006,374.850006,5621900
4/29/2019,373.679993,374.579987,369.119995,371.829987,371.829987,3821700
4/30/2019,369.559998,374.5,368.350006,370.540009,370.540009,3870100
5/1/2019,374,385.98999,373.170013,378.809998,378.809998,9257300
5/2/2019,378,383.5,374.51001,379.059998,379.059998,5398200
5/3/2019,381.529999,385.029999,378.269989,385.029999,385.029999,5130300
5/6/2019,377.690002,381.350006,376,378.670013,378.670013,5793100
5/7/2019,377,379.910004,365.809998,370.459991,370.459991,6974900
5/8/2019,367.920013,369,361.359985,364.369995,364.369995,6572000
5/9/2019,360.899994,364.200012,352.75,362.75,362.75,5882600
5/10/2019,361.619995,365.26001,353.059998,361.040009,361.040009,5657100
5/13/2019,352.290009,354.26001,343.100006,345.26001,345.26001,8026700
5/14/2019,348.709991,349.950012,342.5,345.609985,345.609985,5353000
5/15/2019,343.339996,356.5,341.390015,354.98999,354.98999,6340100
5/16/2019,356.369995,364,353.940002,359.309998,359.309998,6441500
5/17/2019,356.390015,359.619995,353.790009,354.450012,354.450012,4725400
5/20/2019,351.230011,352.420013,345.399994,348.109985,348.109985,4621500
5/21/2019,350.950012,356.429993,349.929993,354.269989,354.269989,4026400
5/22/2019,358.01001,370.459991,357.299988,359.730011,359.730011,6229400
5/23/2019,355.5,357.420013,347.700012,352.209991,352.209991,5630400
5/24/2019,355.410004,359.440002,353.790009,354.390015,354.390015,3831000
5/28/2019,354.390015,361.200012,353.649994,355.059998,355.059998,4717100
5/29/2019,353.600006,353.850006,345.899994,349.190002,349.190002,5658900
5/30/2019,350.549988,354.209991,348.299988,351.850006,351.850006,4008000
5/31/2019,347.220001,349.339996,342.920013,343.279999,343.279999,5023400
6/3/2019,343.559998,347.660004,332.649994,336.630005,336.630005,7849600
6/4/2019,345,353.609985,343.25,353.399994,353.399994,7891600
6/5/2019,354.380005,357.880005,348.709991,355.730011,355.730011,5020100
6/6/2019,354.839996,358.209991,352.089996,357.130005,357.130005,3710000
6/7/2019,357.390015,365.149994,355.690002,360.869995,360.869995,4777300
6/10/2019,363.649994,367.100006,349.290009,352.01001,352.01001,7810300
6/11/2019,355,357.579987,348.5,351.269989,351.269989,5396700
6/12/2019,351.820007,353.609985,343.230011,345.559998,345.559998,4584700
6/13/2019,347.230011,348.5,339.25,343.429993,343.429993,6209300
6/14/2019,341.630005,343.399994,336.160004,339.730011,339.730011,5019000
6/17/2019,342.690002,351.769989,342.059998,350.619995,350.619995,5358200
6/18/2019,355.570007,361.5,353.75,357.119995,357.119995,5428500
6/19/2019,361.720001,364.73999,356.119995,363.519989,363.519989,5667200
6/20/2019,365.910004,370.119995,361.220001,365.209991,365.209991,5899500
6/21/2019,365,371.450012,365,369.209991,369.209991,7448400
6/24/2019,370.269989,375,370.200012,371.040009,371.040009,4830200
6/25/2019,370.75,371,358.290009,360.299988,360.299988,5750400
6/26/2019,361.600006,366.790009,361.600006,362.200012,362.200012,3669700
6/27/2019,363.200012,370.850006,363.200012,370.019989,370.019989,4138600
6/28/2019,370.26001,371.540009,364.869995,367.320007,367.320007,4592700
7/1/2019,373.5,376.660004,372,374.600006,374.600006,4992600
7/2/2019,374.890015,376,370.309998,375.429993,375.429993,3625000
7/3/2019,376.690002,381.98999,375.839996,381.720001,381.720001,3799000
7/5/2019,378.290009,381.399994,375.559998,380.549988,380.549988,3732200
7/8/2019,378.190002,378.25,375.359985,376.160004,376.160004,3113400
7/9/2019,379.059998,384.76001,377.5,379.929993,379.929993,6932800
7/10/2019,382.769989,384.339996,362.679993,381,381,5878800
7/11/2019,381.100006,384.540009,378.799988,379.5,379.5,4336300
7/12/2019,378.679993,379.73999,372.790009,373.25,373.25,6636900
7/15/2019,372.940002,373.679993,362.299988,366.600006,366.600006,7944700
7/16/2019,370.089996,371.339996,364.920013,365.98999,365.98999,5863200
7/17/2019,366.25,366.5,361.75,362.440002,362.440002,13639500
7/18/2019,323.76001,329.850006,320.299988,325.209991,325.209991,31287100
7/19/2019,323.399994,325.850006,314.230011,315.100006,315.100006,16302500
7/22/2019,312,314.540009,305.809998,310.619995,310.619995,17718000
7/23/2019,311.440002,313.5,306,307.299988,307.299988,9171100
7/24/2019,310.51001,319.98999,307.25,317.940002,317.940002,11961800
7/25/2019,318.859985,327.690002,316.299988,326.459991,326.459991,10798500
7/26/2019,328.790009,336,327.5,335.779999,335.779999,10847500
7/29/2019,335.980011,336.399994,328.769989,332.700012,332.700012,5782800
7/30/2019,329.200012,329.649994,323.230011,325.929993,325.929993,6029300
7/31/2019,325.160004,331.769989,318.529999,322.98999,322.98999,6259500
8/1/2019,324.25,328.579987,318.73999,319.5,319.5,6563200
8/2/2019,317.48999,319.410004,311.799988,318.829987,318.829987,6280300
8/5/2019,310.959991,313.420013,304.679993,307.630005,307.630005,8692500
8/6/2019,310.579987,311.880005,305.299988,310.100006,310.100006,6179100
8/7/2019,302.559998,305,296.809998,304.290009,304.290009,9322400
8/8/2019,311.029999,316.359985,306.630005,315.899994,315.899994,5905900
8/9/2019,313.73999,316.640015,305.679993,308.929993,308.929993,5349100
8/12/2019,305.459991,312.890015,303.23999,310.829987,310.829987,6531700
8/13/2019,309.769989,316.429993,308.160004,312.279999,312.279999,5289400
8/14/2019,308.01001,308.410004,298.01001,299.109985,299.109985,7355800
8/15/2019,299.5,300.630005,288,295.76001,295.76001,9629200
8/16/2019,298.859985,303.549988,296.269989,302.799988,302.799988,6905800
8/19/2019,306.25,311.75,304.75,309.380005,309.380005,4942200
8/20/2019,304.570007,305,297.679993,298.98999,298.98999,7349900
8/21/2019,301.609985,302.880005,296.200012,297.809998,297.809998,5685400
8/22/2019,298.649994,300.329987,293.149994,296.929993,296.929993,4974200
8/23/2019,295,299.01001,290.320007,291.440002,291.440002,6324900
8/26/2019,295.23999,296.950012,292.5,294.980011,294.980011,4695700
8/27/2019,294.540009,296.769989,287.200012,291.029999,291.029999,6309400
8/28/2019,289.470001,292.820007,287.75,291.769989,291.769989,3955700
8/29/2019,295,299.929993,294.98999,296.779999,296.779999,4388500
8/30/2019,298.779999,298.940002,290.850006,293.75,293.75,4446400
9/3/2019,290.820007,293.899994,288.059998,289.290009,289.290009,3682800
9/4/2019,291.25,292.380005,286.51001,291.519989,291.519989,4652500
9/5/2019,285.320007,293.970001,282.790009,293.25,293.25,8966800
9/6/2019,293.350006,293.350006,287.029999,290.170013,290.170013,5166600
9/9/2019,294.809998,301.549988,290.600006,294.339996,294.339996,8232700
9/10/2019,291.160004,297.170013,282.660004,287.98999,287.98999,12320200
9/11/2019,285.700012,292.649994,284.609985,288.269989,288.269989,7405900
9/12/2019,288.100006,292.730011,286.600006,288.859985,288.859985,5010900
9/13/2019,290.609985,296.619995,290.040009,294.149994,294.149994,6583100
9/16/2019,294.230011,297.429993,289.779999,294.290009,294.290009,5307400
9/17/2019,294.5,299.149994,291.790009,298.600006,298.600006,4777100
9/18/2019,294.98999,296.049988,287.450012,291.559998,291.559998,7811100
9/19/2019,291.559998,293.809998,283.399994,286.600006,286.600006,8461300
9/20/2019,280.26001,282.5,266,270.75,270.75,23832800
9/23/2019,268.350006,273.390015,261.890015,265.920013,265.920013,13478600
9/24/2019,262.5,265,252.279999,254.589996,254.589996,16338200
9/25/2019,255.710007,266.600006,253.699997,264.75,264.75,11643800
9/26/2019,266.420013,268.049988,260.200012,263.309998,263.309998,7684000
9/27/2019,266.179993,267.440002,260.390015,263.079987,263.079987,7328300
9/30/2019,264,268.880005,262.779999,267.619995,267.619995,6727200
10/1/2019,267.350006,272.200012,264.029999,269.579987,269.579987,8650300
10/2/2019,263.609985,269.350006,262.190002,268.029999,268.029999,7659100
10/3/2019,267.779999,268.839996,257.01001,268.149994,268.149994,8951000
10/4/2019,268.200012,275.480011,266.470001,272.790009,272.790009,9890400
10/7/2019,271.98999,276.679993,271.279999,274.459991,274.459991,6525600
10/8/2019,273.029999,275.529999,270.640015,270.720001,270.720001,6276400
10/9/2019,270.019989,271,264.570007,267.529999,267.529999,6794400
10/10/2019,265.970001,280.529999,265.029999,280.480011,280.480011,10809100
10/11/2019,284.799988,287.869995,282.339996,282.929993,282.929993,8786100
10/14/2019,283.929993,286.929993,282,285.529999,285.529999,5513200
10/15/2019,283.820007,285.869995,279.399994,284.25,284.25,7685600
10/16/2019,283.119995,288.170013,280.73999,286.279999,286.279999,16175900
10/17/2019,304.48999,308.75,288.299988,293.350006,293.350006,38258900
10/18/2019,289.359985,290.899994,273.359985,275.299988,275.299988,23429900
10/21/2019,272.890015,279.940002,269,278.049988,278.049988,12599200
10/22/2019,271.160004,275.410004,265.799988,266.690002,266.690002,11802400
10/23/2019,268.059998,273.920013,266.630005,271.269989,271.269989,7133500
10/24/2019,271.809998,274.019989,268.799988,271.5,271.5,4827400
10/25/2019,270.679993,277.769989,270.179993,276.820007,276.820007,4747800
10/28/2019,278.049988,285.75,277.350006,281.859985,281.859985,6248400
10/29/2019,281.869995,284.410004,277.549988,281.209991,281.209991,4356200
10/30/2019,284.339996,293.48999,283,291.450012,291.450012,9345600
10/31/2019,291,291.450012,284.779999,287.410004,287.410004,5090000
11/1/2019,288.700012,289.119995,283.019989,286.809998,286.809998,5594300
11/4/2019,288,295.390015,287.160004,292.859985,292.859985,5566200
11/5/2019,289.98999,291.190002,286.309998,288.029999,288.029999,4062400
11/6/2019,288.190002,290.559998,285.839996,288.589996,288.589996,3438300
11/7/2019,290.700012,298.190002,288.269989,289.570007,289.570007,5928500
11/8/2019,288.730011,293.98999,287.51001,291.570007,291.570007,4509000
11/11/2019,289.160004,296.359985,288.5,294.179993,294.179993,3944300
11/12/2019,295.320007,295.350006,288.700012,292.01001,292.01001,5772800
11/13/2019,291.029999,293.410004,281.140015,283.109985,283.109985,9158900
11/14/2019,283.25,290.630005,283.220001,289.619995,289.619995,6529000
11/15/2019,290.589996,295.820007,287.570007,295.029999,295.029999,6333800
11/18/2019,296,304.98999,293.279999,302.570007,302.570007,8616600
11/19/2019,304.01001,305.670013,298.519989,302.600006,302.600006,5918000
11/20/2019,301.01001,308.25,301,305.160004,305.160004,5111800
11/21/2019,306,312.690002,304.26001,311.690002,311.690002,7488400
11/22/2019,309.100006,311.399994,304.410004,310.480011,310.480011,5970100
11/25/2019,308.829987,315.730011,305.25,315.549988,315.549988,7873900
11/26/2019,315,316.5,311.690002,312.48999,312.48999,5321000
11/27/2019,313.929993,316.820007,312.75,315.929993,315.929993,4096900
11/29/2019,315.779999,316.619995,313.339996,314.660004,314.660004,2411700
12/2/2019,314.390015,314.390015,303.75,309.98999,309.98999,6218800
12/3/2019,302.220001,307.359985,301.880005,306.160004,306.160004,4992800
12/4/2019,308.429993,308.429993,303.269989,304.320007,304.320007,3512100
12/5/2019,305.269989,306.480011,298.809998,302.859985,302.859985,4615500
12/6/2019,304.700012,307.850006,302.600006,307.350006,307.350006,4457800
12/9/2019,307.350006,311.48999,302.440002,302.5,302.5,5748400
12/10/2019,296.119995,298.940002,292.019989,293.119995,293.119995,10476100
12/11/2019,294.48999,299.429993,294.200012,298.929993,298.929993,5589800
12/12/2019,295.670013,299.170013,295.059998,298.440002,298.440002,4766600
12/13/2019,298.5,301.799988,297.25,298.5,298.5,3879700
12/16/2019,300.850006,305.709991,298.630005,304.209991,304.209991,4658900
12/17/2019,307.359985,316.799988,306.600006,315.480011,315.480011,10427100
12/18/2019,316.26001,325.359985,315.600006,320.799988,320.799988,11207400
12/19/2019,324.5,332.829987,324.179993,332.220001,332.220001,9822300
12/20/2019,335,338,330.600006,336.899994,336.899994,9914900
12/23/2019,337.76001,337.950012,331.019989,333.100006,333.100006,5765300
12/24/2019,334.01001,335.700012,331.600006,333.200012,333.200012,2019300
12/26/2019,334.600006,336.459991,332.01001,332.630005,332.630005,3589900
12/27/2019,332.959991,333.820007,326.01001,329.089996,329.089996,5036100
12/30/2019,329.079987,329.190002,322.859985,323.309998,323.309998,4311500
12/31/2019,322,324.920013,321.089996,323.570007,323.570007,3713300
1/2/2020,326.100006,329.980011,324.779999,329.809998,329.809998,4485800
1/3/2020,326.779999,329.859985,325.529999,325.899994,325.899994,3806900
1/6/2020,323.119995,336.359985,321.200012,335.829987,335.829987,5663100
1/7/2020,336.470001,336.700012,330.299988,330.75,330.75,4703200
1/8/2020,331.48999,342.700012,331.049988,339.26001,339.26001,7104500
1/9/2020,342,343.420013,334.609985,335.660004,335.660004,4709300
1/10/2020,337.130005,338.5,327.269989,329.049988,329.049988,4718300
1/13/2020,331.799988,340.850006,331.51001,338.920013,338.920013,6290000
1/14/2020,344.399994,345.380005,335.519989,338.690002,338.690002,7199400
1/15/2020,338.679993,343.170013,336.600006,339.070007,339.070007,5158000
1/16/2020,343.5,343.559998,335.850006,338.619995,338.619995,5016000
1/17/2020,341,341.570007,337.380005,339.670013,339.670013,6066500
1/21/2020,340,341,332.589996,338.109985,338.109985,14350300
1/22/2020,332.549988,336.299988,323.600006,326,326,21730000
1/23/2020,326.040009,349.880005,325.01001,349.600006,349.600006,18200300
1/24/2020,348.459991,359.850006,345.880005,353.160004,353.160004,17939700
1/27/2020,345.950012,351.899994,341.019989,342.880005,342.880005,7709500
1/28/2020,345.880005,352.399994,342.779999,348.519989,348.519989,6821600
1/29/2020,349,349.399994,338.549988,343.160004,343.160004,7643500
1/30/2020,341.100006,348.200012,339.25,347.73999,347.73999,5328100
1/31/2020,347.390015,347.390015,340.980011,345.089996,345.089996,5230000
2/3/2020,347.23999,359.630005,346.279999,358,358,6670600
2/4/2020,361,369.570007,356.100006,369.01001,369.01001,7161500
2/5/2020,375.130005,375.25,362.299988,369.670013,369.670013,6437000
2/6/2020,369.600006,371.549988,362.51001,366.950012,366.950012,3920400
2/7/2020,365.040009,371.799988,363.570007,366.769989,366.769989,4385200
2/10/2020,365,374.799988,362.519989,371.070007,371.070007,5294100
2/11/2020,373.75,378.109985,369.720001,373.690002,373.690002,4772900
2/12/2020,377.179993,380.619995,375.880005,380.01001,380.01001,4624800
2/13/2020,376.959991,385.369995,376.51001,381.399994,381.399994,4485400
2/14/2020,381.470001,385.149994,379.429993,380.399994,380.399994,3736300
2/18/2020,379.299988,389.540009,379.190002,387.779999,387.779999,5173900
2/19/2020,388.119995,392.950012,384.899994,386.190002,386.190002,4896400
2/20/2020,386.559998,389.700012,376.679993,386,386,4079400
2/21/2020,385.329987,387.320007,377.899994,380.070007,380.070007,3930100
2/24/2020,364.76001,372.820007,361,368.700012,368.700012,6936400
2/25/2020,372,375.649994,357.720001,360.089996,360.089996,6481200
2/26/2020,366.309998,382,365,379.23999,379.23999,8934100
2/27/2020,371.459991,391.559998,370.600006,371.709991,371.709991,10967700
2/28/2020,364.209991,376.769989,356.799988,369.029999,369.029999,11168600
3/2/2020,373.109985,381.359985,364.5,381.049988,381.049988,6997900
3/3/2020,381.029999,393.519989,367.399994,368.769989,368.769989,8364600
3/4/2020,377.769989,384.01001,370.51001,383.790009,383.790009,5487300
3/5/2020,381,391.399994,368.640015,372.779999,372.779999,8747000
3/6/2020,367.700012,371.309998,356.850006,368.970001,368.970001,8147200
3/9/2020,343.859985,357.470001,341.720001,346.48999,346.48999,7405500
3/10/2020,356.429993,364.540009,347.850006,364.130005,364.130005,7604400
3/11/2020,358.920013,362.980011,344.790009,349.920013,349.920013,6036000
3/12/2020,326.5,335.720001,307.320007,315.25,315.25,12071600
3/13/2020,330.51001,336.420013,307.390015,336.299988,336.299988,9458200
3/16/2020,306.630005,334.350006,294.75,298.839996,298.839996,10559900
3/17/2020,306.190002,322.899994,290.25,319.75,319.75,10013900
3/18/2020,302.399994,331.579987,300,315.470001,315.470001,12593600
3/19/2020,324.329987,348.51001,316.820007,332.029999,332.029999,10616000
3/20/2020,342.309998,350.48999,332,332.829987,332.829987,10853800
3/23/2020,347.890015,366.109985,340.880005,360.269989,360.269989,13449400
3/24/2020,369.98999,372.929993,353.029999,357.320007,357.320007,11638700
3/25/2020,361.019989,362,339.170013,342.390015,342.390015,8767200
3/26/2020,344,363.839996,341.730011,362.98999,362.98999,7229600
3/27/2020,359.089996,368.559998,353,357.119995,357.119995,7948800
3/30/2020,363,377.799988,361.170013,370.959991,370.959991,8622000
3/31/2020,367.929993,383.01001,366.440002,375.5,375.5,9366500
4/1/2020,376.049988,380.230011,361.019989,364.079987,364.079987,6672500
4/2/2020,364.079987,370.98999,360.059998,370.079987,370.079987,4592500
4/3/2020,367.470001,370.899994,357.51001,361.76001,361.76001,4860800
4/6/2020,365.220001,380.290009,361.709991,379.959991,379.959991,8183900
4/7/2020,380,381.329987,369.339996,372.279999,372.279999,7046400
4/8/2020,374.01001,378.390015,368.309998,371.119995,371.119995,6908900
4/9/2020,371.059998,372.100006,363.029999,370.720001,370.720001,7711300
4/13/2020,371.309998,400.51001,367.700012,396.720001,396.720001,11692900
4/14/2020,397.5,417.820007,394.850006,413.549988,413.549988,11581000
4/15/2020,413,434.980011,412.25,426.75,426.75,13561200
4/16/2020,437,449.519989,431.609985,439.170013,439.170013,16128700
4/17/2020,431,432,414.700012,422.959991,422.959991,12616300
4/20/2020,435.170013,444.48999,430.559998,437.48999,437.48999,12655800
4/21/2020,444.769989,447,425.600006,433.829987,433.829987,23177600
4/22/2020,429.730011,433,413,421.420013,421.420013,21084800
4/23/2020,419.26001,438.410004,419.26001,426.700012,426.700012,13952300
4/24/2020,425,427.170013,415.880005,424.98999,424.98999,8658900
4/27/2020,425,429,420.839996,421.380005,421.380005,6277500
4/28/2020,419.98999,421,402.910004,403.829987,403.829987,10101200
4/29/2020,399.529999,415.859985,393.600006,411.890015,411.890015,9693100
4/30/2020,410.309998,424.440002,408,419.850006,419.850006,7954000
5/1/2020,415.100006,427.970001,411.730011,415.269989,415.269989,8299900
5/4/2020,417.779999,428.540009,414.869995,428.149994,428.149994,7799100
5/5/2020,427.559998,431,421.559998,424.679993,424.679993,6286300
5/6/2020,429.299988,439.769989,426.390015,434.26001,434.26001,6660700
5/7/2020,436.890015,438.880005,430.660004,436.529999,436.529999,5641900
5/8/2020,434.140015,442,433.640015,435.549988,435.549988,5049300
5/11/2020,436.329987,444.890015,435.559998,440.519989,440.519989,5486000
5/12/2020,442,444.170013,431.359985,431.820007,431.820007,4598200
5/13/2020,435.690002,447,427.269989,438.269989,438.269989,7014600
5/14/2020,444.899994,452.380005,432.820007,441.950012,441.950012,9007500
5/15/2020,440.700012,455,437.51001,454.190002,454.190002,7244000
5/18/2020,451.160004,456.359985,443.350006,452.579987,452.579987,7773500
5/19/2020,453.399994,458.970001,450.470001,451.040009,451.040009,4810500
5/20/2020,454.25,455.809998,444,447.670013,447.670013,5607300
5/21/2020,448.559998,448.959991,430.25,436.25,436.25,9117300
5/22/2020,437,439.089996,427.179993,429.320007,429.320007,5422300
5/26/2020,427.769989,428.5,413.140015,414.769989,414.769989,7881100
5/27/2020,410.380005,420.019989,397.859985,419.890015,419.890015,10446300
5/28/2020,417.23999,422.369995,411.5,413.440002,413.440002,5655100
5/29/2020,417.459991,420.299988,411.850006,419.730011,419.730011,5254900
6/1/2020,418.829987,426.720001,415.980011,425.920013,425.920013,3743700
6/2/2020,425.869995,427.589996,419.459991,427.309998,427.309998,3494800
6/3/2020,426.950012,427.100006,418.049988,421.970001,421.970001,4316000
6/4/2020,422.390015,428.709991,410.029999,414.329987,414.329987,5410500
6/5/2020,407.290009,420.23999,404.25,419.600006,419.600006,5099600
6/8/2020,416,420.799988,406.5,419.48999,419.48999,5851500
6/9/2020,421.649994,434.730011,420.309998,434.049988,434.049988,6797000
6/10/2020,436,439.690002,430.549988,434.480011,434.480011,4896900
6/11/2020,428.200012,445.570007,424.160004,425.559998,425.559998,7462900
6/12/2020,429,434.059998,412.450012,418.070007,418.070007,6461100
6/15/2020,421.399994,426.48999,415.420013,425.5,425.5,4467900
6/16/2020,425.76001,437.959991,425.179993,436.130005,436.130005,5507900
6/17/2020,441.820007,450.459991,439.220001,447.769989,447.769989,6529600
6/18/2020,448.730011,452.76001,442.799988,449.869995,449.869995,4277600
6/19/2020,449.119995,453.970001,445.600006,453.720001,453.720001,5934500
6/22/2020,455.01001,468.589996,454.209991,468.040009,468.040009,6272100
6/23/2020,466.5,474.01001,464.5,466.26001,466.26001,5948400
6/24/2020,468.540009,472.359985,454,457.850006,457.850006,4826200
6/25/2020,458.859985,467.01001,454,465.910004,465.910004,4134500
6/26/2020,466.390015,468.029999,442.23999,443.399994,443.399994,6804700
6/29/2020,445.230011,447.670013,432.140015,447.23999,447.23999,4844000
6/30/2020,450.019989,457.589996,447,455.040009,455.040009,4198500
7/1/2020,454,488.230011,454,485.640015,485.640015,9705900
7/2/2020,485.640015,492.279999,475.529999,476.890015,476.890015,6351500
7/6/2020,480.769989,499.5,479.799988,493.809998,493.809998,7839000
7/7/2020,497.309998,504.820007,490.829987,493.160004,493.160004,5669900
7/8/2020,498.579987,505.100006,493.809998,502.779999,502.779999,5691700
7/9/2020,508.399994,510,495.779999,507.76001,507.76001,5840500
7/10/2020,519.72998,555.880005,511.279999,548.72998,548.72998,21605600
7/13/2020,567.97998,575.369995,520.960022,525.5,525.5,18399000
7/14/2020,517.080017,525.5,490.48999,524.880005,524.880005,15083300
7/15/2020,516.299988,529,510.179993,523.26001,523.26001,10066700
7/16/2020,526.47998,535.539978,504.359985,527.390015,527.390015,24499000
7/17/2020,494.869995,503.589996,484.140015,492.98999,492.98999,24991400
7/20/2020,489.140015,504.5,484.200012,502.410004,502.410004,11940300
7/21/2020,506,506.220001,488.609985,490.100006,490.100006,9113700
7/22/2020,492.190002,497.200012,487.200012,489.820007,489.820007,6954100
7/23/2020,491.130005,491.899994,472.019989,477.579987,477.579987,7722000
7/24/2020,468.769989,487.170013,467.540009,480.450012,480.450012,7746200
7/27/2020,484.51001,496.920013,482.309998,495.649994,495.649994,7863100
7/28/2020,496.019989,497.790009,487.76001,488.51001,488.51001,5986700
7/29/2020,492.25,494.920013,484.130005,484.480011,484.480011,6611800
7/30/2020,480.709991,488.350006,477.51001,485.799988,485.799988,6608600
7/31/2020,488.290009,494.799988,484.5,488.880005,488.880005,5916300
8/3/2020,490.859985,503.089996,490.230011,498.619995,498.619995,5873100
8/4/2020,498.649994,510.440002,498.649994,509.640015,509.640015,5608000
8/5/2020,508.679993,510.100006,501.200012,502.109985,502.109985,4308200
8/6/2020,504.109985,510.820007,498.700012,509.079987,509.079987,3725900
8/7/2020,505.450012,508.290009,486.679993,494.730011,494.730011,5910300
8/10/2020,493.350006,497.459991,478.630005,483.380005,483.380005,4691200
8/11/2020,479.75,480.920013,466.549988,466.929993,466.929993,7329200
8/12/2020,471.339996,482.48999,470.179993,475.470001,475.470001,5439200
8/13/2020,478.399994,484.450012,476.450012,481.329987,481.329987,3008900
8/14/2020,482.820007,488.329987,480.209991,482.679993,482.679993,2943500
8/17/2020,484.190002,486.23999,479.100006,482.350006,482.350006,2423500
8/18/2020,484.350006,495.299988,482.799988,491.869995,491.869995,3505500
8/19/2020,493.929993,494.5,483.5,484.529999,484.529999,3156200
8/20/2020,484.690002,498.940002,483.890015,497.899994,497.899994,5132500
8/21/2020,496.459991,498.130005,490,492.309998,492.309998,3921300
8/24/2020,495.440002,501,483.160004,488.809998,488.809998,4762200
8/25/2020,488.190002,492.470001,485.089996,490.579987,490.579987,5727700
8/26/2020,492.5,549.039978,492.079987,547.530029,547.530029,20373700
8/27/2020,537.780029,541,521.25,526.27002,526.27002,9062900
8/28/2020,532,539,522,523.890015,523.890015,4417500
8/31/2020,521.159973,531.98999,517.580017,529.559998,529.559998,4941400
9/1/2020,532.599976,557.390015,532.450012,556.549988,556.549988,9572700
9/2/2020,553.780029,556.5,537.369995,552.840027,552.840027,5886900
9/3/2020,545,554,521.320007,525.75,525.75,9071100
9/4/2020,520.179993,527.359985,485.980011,516.049988,516.049988,8270100
9/8/2020,498.399994,522,495,507.019989,507.019989,5572700
9/9/2020,519.210022,520,492.570007,500.190002,500.190002,6848100
9/10/2020,503.350006,506.290009,478.839996,480.670013,480.670013,6240200
9/11/2020,486.48999,493.730011,476.809998,482.029999,482.029999,5035200
9/14/2020,480.619995,488.98999,471.299988,476.26001,476.26001,7359100
9/15/2020,484,497.470001,481.630005,495.98999,495.98999,5337000
9/16/2020,499.98999,504.660004,483.309998,483.859985,483.859985,4394900
9/17/2020,475.160004,478.399994,463.269989,470.200012,470.200012,5379300
9/18/2020,472.51001,479.399994,458.600006,469.959991,469.959991,6717700
9/21/2020,467.690002,487.779999,466.320007,487.350006,487.350006,5457500
9/22/2020,489.01001,491.820007,479.26001,491.170013,491.170013,3482300
9/23/2020,491.040009,491.040009,469,470.609985,470.609985,3726400
9/24/2020,470.529999,477,467.820007,473.079987,473.079987,3727200
9/25/2020,474.390015,484.869995,468.029999,482.880005,482.880005,3769400
9/28/2020,489.109985,492,477.880005,490.649994,490.649994,4773500
9/29/2020,489.5,496.290009,486.529999,493.480011,493.480011,3541500
9/30/2020,492.570007,504.630005,489.269989,500.029999,500.029999,4634100
10/1/2020,506.029999,529.549988,503.600006,527.51001,527.51001,8153700
10/2/2020,516.429993,526.369995,502.700012,503.059998,503.059998,6071200
10/5/2020,506.799988,520.98999,501.700012,520.650024,520.650024,4088100
10/6/2020,518.719971,521.820007,504.160004,505.869995,505.869995,4199000
10/7/2020,518,536.48999,515.820007,534.659973,534.659973,7988700
10/8/2020,533.47998,535,524.150024,531.789978,531.789978,5386500
10/9/2020,537.830017,544.280029,535,539.440002,539.440002,4781300
10/12/2020,548.809998,551.809998,538.23999,539.809998,539.809998,5391100
10/13/2020,540.559998,557.650024,537.200012,554.090027,554.090027,5602500
10/14/2020,562.609985,572.48999,541,541.450012,541.450012,9499000
10/15/2020,545.52002,551.219971,535.099976,541.940002,541.940002,5113100
10/16/2020,549.5,554.330017,530.030029,530.789978,530.789978,6347400
10/19/2020,537.070007,541.799988,525.380005,530.719971,530.719971,7567500
10/20/2020,528.140015,533.780029,522.26001,525.419983,525.419983,10047200
10/21/2020,501.029999,506.850006,488.25,489.049988,489.049988,17405700
10/22/2020,494.690002,495.140015,482,485.230011,485.230011,6997900
10/23/2020,488.109985,490.059998,481.350006,488.279999,488.279999,4927900
10/26/2020,487.029999,496.820007,478.899994,488.23999,488.23999,6186100
10/27/2020,490.01001,490.48999,482.929993,488.929993,488.929993,3627200
10/28/2020,486.359985,494,483.279999,486.23999,486.23999,5992700
10/29/2020,488.5,513.900024,479.339996,504.209991,504.209991,11120700
10/30/2020,502.01001,505.880005,472.209991,475.73999,475.73999,7807900
11/2/2020,478.869995,486.299988,475,484.119995,484.119995,4408200
11/3/2020,484.929993,495.309998,478.76001,487.220001,487.220001,3690200
11/4/2020,495.359985,507.730011,493.980011,496.950012,496.950012,5137300
11/5/2020,506.559998,518.72998,503.450012,513.76001,513.76001,5372800
11/6/2020,515,515.210022,502.51001,514.72998,514.72998,4236300
11/9/2020,485.540009,495.850006,467.26001,470.5,470.5,10419700
11/10/2020,470.950012,484.600006,463.410004,480.23999,480.23999,8306100
11/11/2020,483,491.679993,478.26001,490.76001,490.76001,5460500
11/12/2020,491,496.519989,480.429993,486.769989,486.769989,5063700
11/13/2020,486.769989,488.940002,477.799988,482.839996,482.839996,3002700
11/16/2020,480,485.579987,477.299988,479.100006,479.100006,3953600
11/17/2020,480.119995,487.51001,478.850006,480.630005,480.630005,3698100
11/18/2020,481.950012,488.609985,477.720001,481.790009,481.790009,3629200
11/19/2020,482,487.799988,480.470001,484.670013,484.670013,2254700
11/20/2020,485.220001,494.76001,481.570007,488.23999,488.23999,4253400
11/23/2020,490.459991,491.149994,475.839996,476.619995,476.619995,5416600
11/24/2020,478.839996,484.049988,475.890015,482.880005,482.880005,3550500
11/25/2020,485.130005,486.899994,478.920013,485,485,3598600
11/27/2020,486.579987,493.25,481.850006,491.359985,491.359985,2805800
11/30/2020,490.079987,492.549988,481.269989,490.700012,490.700012,3530900
12/1/2020,492.339996,509.470001,491.980011,504.579987,504.579987,5052700
12/2/2020,501.619995,506.799988,493.5,503.380005,503.380005,3028400
12/3/2020,502.98999,508.769989,496.040009,497.519989,497.519989,2826100
12/4/2020,497.5,504.5,493.640015,498.309998,498.309998,3666200
12/7/2020,500.01001,517.76001,497.769989,515.780029,515.780029,4289300
12/8/2020,517.900024,521.48999,505.549988,512.659973,512.659973,4229000
12/9/2020,510.529999,514.5,491.290009,493.600006,493.600006,4178800
12/10/2020,494.559998,503.769989,492.910004,501.089996,501.089996,3018200
12/11/2020,495,503.339996,494.850006,503.220001,503.220001,3210900
12/14/2020,505.440002,524.159973,501.179993,522.419983,522.419983,5770400
12/15/2020,518.5,524.700012,513.559998,519.780029,519.780029,3394900
12/16/2020,520.109985,527.380005,517.690002,524.830017,524.830017,3682400
12/17/2020,529,535.48999,526.440002,532.900024,532.900024,3193400
12/18/2020,533.200012,536.369995,526.02002,534.450012,534.450012,4502700
12/21/2020,530.049988,532.619995,521.150024,528.909973,528.909973,3894000
12/22/2020,527.690002,530.400024,520.5,527.330017,527.330017,1906600
12/23/2020,524.76001,526.320007,514.200012,514.47998,514.47998,2393200
12/24/2020,515.119995,519.349976,512.210022,513.969971,513.969971,1144000
12/28/2020,516.429993,523.659973,507.130005,519.119995,519.119995,2891900
12/29/2020,519.900024,536.549988,515.47998,530.869995,530.869995,4022400
12/30/2020,530.130005,533.26001,523.690002,524.590027,524.590027,1876300
12/31/2020,525.530029,545.5,523.150024,540.72998,540.72998,5392300
1/4/2021,539,540.799988,515.090027,522.859985,522.859985,4444400
1/5/2021,521.549988,526.780029,515.890015,520.799988,520.799988,3133900
1/6/2021,511.970001,513.099976,499.5,500.48999,500.48999,5346200
1/7/2021,508.279999,516.440002,506.420013,508.890015,508.890015,3686400
1/8/2021,511.309998,513.23999,504.51001,510.399994,510.399994,2973900
1/11/2021,507.839996,510.730011,497.950012,499.100006,499.100006,3806200
1/12/2021,500,501.089996,485.670013,494.25,494.25,5990400
1/13/2021,495.5,512.349976,493.01001,507.790009,507.790009,5032100
1/14/2021,507.350006,514.5,499.579987,500.859985,500.859985,4177400
1/15/2021,500,506.320007,495.100006,497.980011,497.980011,5895800
1/19/2021,501,509.25,493.540009,501.769989,501.769989,12315800
1/20/2021,565.419983,593.289978,556.859985,586.340027,586.340027,32637500
1/21/2021,582.450012,588.75,570.400024,579.840027,579.840027,11802100
1/22/2021,582.099976,583.98999,564.349976,565.169983,565.169983,7550800
1/25/2021,567,569.75,548.650024,556.780029,556.780029,7207300
1/26/2021,554.72998,567.98999,554.059998,561.929993,561.929993,5023800
1/27/2021,550.710022,556.419983,515.72998,523.280029,523.280029,8670300
1/28/2021,535.880005,553.150024,530.73999,538.599976,538.599976,5969000
1/29/2021,538,541,530.179993,532.390015,532.390015,4325300
2/1/2021,536.789978,545.059998,531.72998,539.039978,539.039978,3547500
2/2/2021,542.01001,555.47998,538.929993,548.159973,548.159973,3767600
2/3/2021,550.169983,550.47998,538.23999,539.450012,539.450012,3172300
2/4/2021,539.809998,559.47998,537.51001,552.159973,552.159973,5164500
2/5/2021,552.26001,554.440002,545.47998,550.789978,550.789978,2376200
2/8/2021,555,555,543.700012,547.919983,547.919983,2791700
2/9/2021,546,566,543,559.070007,559.070007,3703500
2/10/2021,562.5,566.650024,553.460022,563.590027,563.590027,3991300
2/11/2021,564.440002,565.929993,554.219971,557.590027,557.590027,2730600
2/12/2021,556.940002,561.25,550.849976,556.52002,556.52002,2197100
2/16/2021,557.289978,563.630005,552.72998,557.280029,557.280029,2624100
2/17/2021,550.98999,555.25,543.030029,551.340027,551.340027,2069600
2/18/2021,549,550,538.22998,548.219971,548.219971,2456200
2/19/2021,548,548.98999,538.809998,540.219971,540.219971,2841500
2/22/2021,534.98999,541.789978,530.789978,533.780029,533.780029,3078600
2/23/2021,525,548.539978,518.280029,546.150024,546.150024,4136500
2/24/2021,539.799988,556.849976,539.070007,553.409973,553.409973,3245000
2/25/2021,550.27002,556.47998,535.75,546.700012,546.700012,4252900
2/26/2021,546.51001,553.090027,538,538.849976,538.849976,3755600
3/1/2021,545.570007,552.140015,542,550.640015,550.640015,3041400
3/2/2021,553.340027,556.98999,546.02002,547.820007,547.820007,3042200
3/3/2021,545.929993,548.01001,517.809998,520.700012,520.700012,5362400
3/4/2021,521.5,531.5,507.679993,511.290009,511.290009,5034800
3/5/2021,511.980011,517.76001,498.790009,516.390015,516.390015,5070000
3/8/2021,514.460022,518.840027,492.850006,493.329987,493.329987,3981800
3/9/2021,507.309998,513.109985,503.820007,506.440002,506.440002,3470000
3/10/2021,513.5,518.969971,504.25,504.540009,504.540009,3771500
3/11/2021,512.200012,530.23999,510.709991,523.059998,523.059998,4714500
3/12/2021,512.5,526.51001,506.589996,518.02002,518.02002,3981700
3/15/2021,516.320007,520.72998,508.029999,520.25,520.25,3484300
3/16/2021,524.469971,533.419983,523.210022,524.030029,524.030029,3238900
3/17/2021,522,528.369995,514.299988,524.440002,524.440002,2817400
3/18/2021,516.400024,517.900024,503.850006,504.790009,504.790009,4094500
3/19/2021,504.959991,513.190002,501.630005,512.179993,512.179993,4386400
3/22/2021,509.130005,529.309998,509.130005,523.109985,523.109985,3360600
3/23/2021,529.869995,543.119995,529.400024,535.090027,535.090027,5583500
3/24/2021,533.780029,534.419983,520,520.809998,520.809998,4102200
3/25/2021,516.98999,518.530029,497,502.859985,502.859985,4926800
3/26/2021,502.820007,508.720001,496.679993,508.049988,508.049988,3467800
3/29/2021,505.660004,518,504.399994,513.950012,513.950012,3330000
3/30/2021,510.51001,514.409973,506.910004,513.390015,513.390015,2418100
3/31/2021,515.669983,528.130005,515.440002,521.659973,521.659973,3503100
4/1/2021,529.929993,540.5,527.030029,539.419983,539.419983,3938600
4/5/2021,540.01001,542.849976,529.22998,540.669983,540.669983,3355900
4/6/2021,544.809998,554.169983,543.299988,544.530029,544.530029,3474200
4/7/2021,543.5,549.640015,541.450012,546.98999,546.98999,2151300
4/8/2021,551.130005,556.900024,547.570007,554.580017,554.580017,4309800
4/9/2021,552.690002,556.900024,547.109985,555.309998,555.309998,2894000
4/12/2021,551.049988,557.97998,549.580017,552.780029,552.780029,2944100
4/13/2021,557,559.75,550.299988,553.72998,553.72998,2720300
4/14/2021,554.869995,554.869995,538.530029,540.02002,540.02002,3740300
4/15/2021,544.169983,553.48999,542.659973,549.219971,549.219971,3139100
4/16/2021,550.539978,551.97998,539.51001,546.539978,546.539978,3209100
4/19/2021,546.900024,556.440002,545.530029,554.440002,554.440002,4288700
4/20/2021,554.419983,563.559998,546.299988,549.570007,549.570007,11257600
4/21/2021,508,515.460022,503.600006,508.899994,508.899994,22897400
4/22/2021,513.820007,513.960022,500.549988,508.779999,508.779999,9061100
4/23/2021,509.01001,509.700012,500.700012,505.549988,505.549988,7307700
4/26/2021,506.76001,510.480011,503,510.299988,510.299988,4388800
4/27/2021,512.619995,512.98999,504.579987,505.549988,505.549988,3761300
4/28/2021,505.200012,508.399994,503.339996,506.519989,506.519989,3193000
4/29/2021,507.600006,509.290009,499,509,509,5127800
4/30/2021,505,514.549988,505,513.469971,513.469971,4413200
5/3/2021,512.650024,518.950012,505.200012,509.109985,509.109985,4091900
5/4/2021,510.779999,511.630005,496.790009,503.179993,503.179993,4349500
5/5/2021,504.98999,507.779999,494.630005,496.079987,496.079987,3129400
5/6/2021,495.98999,499.549988,491.369995,499.549988,499.549988,3783700
5/7/2021,504.619995,508.549988,501.119995,503.839996,503.839996,3132800
5/10/2021,502,503.149994,486.109985,486.690002,486.690002,5131600
5/11/2021,479.75,497.98999,478.630005,495.079987,495.079987,4401000
5/12/2021,486.829987,493.540009,482.700012,484.980011,484.980011,4121500
5/13/2021,489.130005,490.779999,482.709991,486.660004,486.660004,2712500
5/14/2021,487.859985,494.850006,486.589996,493.369995,493.369995,2882500
5/17/2021,485.589996,492.709991,482.809998,488.940002,488.940002,2705200
5/18/2021,488.399994,493.480011,486.190002,486.279999,486.279999,2350500
5/19/2021,481.630005,488.570007,478.540009,487.700012,487.700012,3349900
5/20/2021,489.549988,502.700012,488.980011,501.670013,501.670013,3721200
5/21/2021,503.119995,505.399994,497.26001,497.890015,497.890015,3322900
5/24/2021,501.049988,504.25,499.51001,502.899994,502.899994,2412600
5/25/2021,506,506.369995,499.220001,501.339996,501.339996,2699500
5/26/2021,502.339996,504.140015,500.5,502.359985,502.359985,2465300
5/27/2021,501.799988,505.100006,498.540009,503.859985,503.859985,3253800
5/28/2021,504.399994,511.76001,502.529999,502.809998,502.809998,2910300
6/1/2021,504.01001,505.410004,497.73999,499.079987,499.079987,2482600
6/2/2021,499.820007,503.220001,495.820007,499.23999,499.23999,2269000
6/3/2021,495.190002,496.660004,487.25,489.429993,489.429993,3887400
6/4/2021,492,501.859985,490.950012,494.73999,494.73999,3160500
6/7/2021,492.920013,496.700012,490.549988,494.660004,494.660004,2791900
6/8/2021,497,498.820007,489.369995,492.390015,492.390015,2374000
6/9/2021,494.5,496.089996,484.649994,485.809998,485.809998,3055000
6/10/2021,487.170013,490.209991,482.140015,487.269989,487.269989,4382900
6/11/2021,490,491.410004,487.779999,488.769989,488.769989,3124000
6/14/2021,489.679993,503.5,486.910004,499.890015,499.890015,4400200
6/15/2021,501.230011,501.230011,490.399994,491.899994,491.899994,3104100
6/16/2021,495,496.459991,486.279999,492.410004,492.410004,3533200
6/17/2021,490.25,501.799988,490.149994,498.339996,498.339996,3198300
6/18/2021,496.399994,504.48999,495.23999,500.769989,500.769989,5197600
6/21/2021,501.640015,502.049988,492.279999,497,497,5277300
6/22/2021,498.540009,513.549988,495.799988,508.820007,508.820007,5809300
6/23/2021,508.480011,516.630005,508.200012,512.73999,512.73999,3944800
6/24/2021,517.960022,520.960022,514.400024,518.059998,518.059998,3361200
6/25/2021,528.840027,533.059998,525,527.070007,527.070007,5299100
6/28/2021,528.119995,533.940002,524.559998,533.030029,533.030029,2820200
6/29/2021,533.549988,536.130005,528.570007,533.5,533.5,2314600
6/30/2021,534.059998,534.380005,526.820007,528.210022,528.210022,2773400
7/1/2021,525.719971,537.039978,525.719971,533.539978,533.539978,2805400
7/2/2021,535.5,538.539978,529.390015,533.97998,533.97998,1975500
7/6/2021,533,542.859985,533,541.640015,541.640015,2775100
7/7/2021,544.23999,544.640015,531.659973,535.960022,535.960022,2722500
7/8/2021,530.929993,535.5,529.090027,530.76001,530.76001,3269000
7/9/2021,531,538.26001,528.580017,535.97998,535.97998,2777200
7/12/2021,540.299988,540.650024,532.919983,537.309998,537.309998,1780700
7/13/2021,535.76001,545.330017,535.76001,540.679993,540.679993,2751600
7/14/2021,541.01001,554.099976,541.01001,547.950012,547.950012,4659500
7/15/2021,553.969971,557.539978,538.200012,542.950012,542.950012,5713900
7/16/2021,541.809998,544.059998,527.049988,530.309998,530.309998,3442100
7/19/2021,526.049988,534.909973,522.23999,532.280029,532.280029,3885800
7/20/2021,526.070007,536.640015,520.299988,531.049988,531.049988,6930400
7/21/2021,526.130005,530.98999,505.609985,513.630005,513.630005,11906800
7/22/2021,510.209991,513.679993,507,511.769989,511.769989,4328100
7/23/2021,512.159973,517.409973,504.660004,515.409973,515.409973,3820500
7/26/2021,514.380005,521.130005,509.01001,516.48999,516.48999,2254500
7/27/2021,518.080017,521.950012,512.049988,518.909973,518.909973,2759000
7/28/2021,521.820007,524.469971,516.97998,519.299988,519.299988,2390500
7/29/2021,519.960022,520.780029,513.789978,514.25,514.25,1736000
7/30/2021,512.690002,519.789978,510.959991,517.570007,517.570007,2537100
8/2/2021,519,519.849976,510.51001,515.150024,515.150024,2096600
8/3/2021,514.390015,515.630005,505.369995,510.820007,510.820007,2579400
8/4/2021,513,517.97998,510.369995,517.349976,517.349976,2039400
8/5/2021,517.130005,525.409973,514.02002,524.890015,524.890015,2556700
8/6/2021,524,526.840027,519.390015,520.549988,520.549988,1919800
8/9/2021,521.150024,522.669983,517.98999,519.969971,519.969971,1367800
8/10/2021,520,520.789978,512.969971,515.840027,515.840027,1960500
8/11/2021,517,519.570007,509.769989,512.400024,512.400024,1673900
8/12/2021,511.859985,513,507.200012,510.720001,510.720001,1685700
8/13/2021,512.640015,521.440002,511.51001,515.919983,515.919983,2177700
8/16/2021,515.23999,523.380005,512.299988,517.919983,517.919983,2032800
8/17/2021,515.469971,520.789978,514.200012,518.909973,518.909973,2309800
8/18/2021,520,526.380005,518.650024,521.869995,521.869995,2582000
8/19/2021,522.73999,548.390015,521.869995,543.710022,543.710022,7497300
8/20/2021,545.090027,551.390015,539.099976,546.880005,546.880005,3776400
8/23/2021,545.97998,555.549988,543.73999,553.330017,553.330017,2602000
8/24/2021,551.47998,555.309998,549.27002,553.409973,553.409973,2109500
8/25/2021,550.159973,552.840027,545.450012,547.580017,547.580017,2065600
8/26/2021,546.159973,552.599976,545.900024,550.119995,550.119995,1595500
8/27/2021,551.599976,564.169983,549.25,558.919983,558.919983,3252600
8/30/2021,557.25,567.159973,556.450012,566.179993,566.179993,2434800
8/31/2021,566.119995,569.47998,561.609985,569.190002,569.190002,2431900
9/1/2021,569,591,569,582.070007,582.070007,5626200
9/2/2021,583.679993,598.76001,583.679993,588.549988,588.549988,6179900
9/3/2021,585.799988,591.880005,583.140015,590.530029,590.530029,2681200
9/7/2021,594.690002,613.849976,593.98999,606.710022,606.710022,5821400
9/8/2021,603.840027,615.599976,595.710022,606.049988,606.049988,5424500
9/9/2021,606.469971,609.440002,596.549988,597.539978,597.539978,2954200
9/10/2021,598.159973,609.450012,593.669983,598.719971,598.719971,3950800
9/13/2021,598.570007,598.570007,582.780029,589.289978,589.289978,3062900
9/14/2021,584.890015,587.280029,575.559998,577.76001,577.76001,3457000
9/15/2021,578.169983,584.619995,575.369995,582.869995,582.869995,2755600
9/16/2021,584.299988,587.47998,577.719971,586.5,586.5,1832000
9/17/2021,587.849976,590.280029,580.849976,589.349976,589.349976,4145100
9/20/2021,586.789978,591.530029,568.080017,575.429993,575.429993,3732200
9/21/2021,578.309998,581.880005,569.369995,573.140015,573.140015,2250900
9/22/2021,579.690002,595.650024,579.690002,590.650024,590.650024,4021800
9/23/2021,590.789978,599.320007,589.130005,593.26001,593.26001,2526200
9/24/2021,592.5,592.97998,583.640015,592.390015,592.390015,2126200
9/27/2021,587.950012,593.580017,576.929993,592.640015,592.640015,2504700
9/28/2021,589,599.539978,580.159973,583.849976,583.849976,4431100
9/29/2021,589.01001,609.880005,588.01001,599.059998,599.059998,6221000
9/30/2021,608.049988,619,608.049988,610.340027,610.340027,6612600
10/1/2021,604.23999,614.98999,597.51001,613.150024,613.150024,4090800
10/4/2021,613.390015,626.130005,594.679993,603.349976,603.349976,4995900
10/5/2021,606.940002,640.390015,606.890015,634.809998,634.809998,9534300
10/6/2021,628.179993,639.869995,626.359985,639.099976,639.099976,4580400
10/7/2021,642.22998,646.840027,630.450012,631.849976,631.849976,3556900
10/8/2021,634.169983,643.799988,630.859985,632.659973,632.659973,3272100
10/11/2021,633.200012,639.419983,626.780029,627.039978,627.039978,2862500
10/12/2021,633.02002,637.659973,621.98999,624.940002,624.940002,3227300
10/13/2021,632.179993,632.179993,622.099976,629.76001,629.76001,2420300
10/14/2021,632.22998,636.880005,626.789978,633.799988,633.799988,2671700
10/15/2021,638,639.419983,625.159973,628.289978,628.289978,4116900
10/18/2021,632.099976,638.409973,620.590027,637.969971,637.969971,4669100
10/19/2021,636.969971,641,632.299988,639,639,7633100
10/20/2021,625.570007,637.400024,617.150024,625.140015,625.140015,10622000
10/21/2021,628.890015,654.01001,628.650024,653.159973,653.159973,8437100
10/22/2021,651.809998,665.460022,651.809998,664.780029,664.780029,6186000
10/25/2021,663.73999,675.880005,657.070007,671.659973,671.659973,3833500
10/26/2021,673.76001,676.48999,662.77002,668.52002,668.52002,2904800
10/27/2021,669,671.409973,661.849976,662.919983,662.919983,2276900
10/28/2021,670.950012,676.799988,668.030029,674.049988,674.049988,2859400
10/29/2021,673.059998,690.969971,671.23999,690.309998,690.309998,3825300
11/1/2021,689.059998,689.969971,676.539978,681.169983,681.169983,3110900
11/2/2021,683.109985,687.679993,673.820007,677.719971,677.719971,3888600
11/3/2021,677.27002,689.390015,677.27002,688.289978,688.289978,2334900
11/4/2021,685.890015,685.940002,665.5,668.400024,668.400024,4865000
11/5/2021,663.969971,665.640015,645.01001,645.719971,645.719971,5283500
11/8/2021,650.289978,656,643.789978,651.450012,651.450012,2887500
11/9/2021,653.700012,660.5,650.52002,655.98999,655.98999,2415600
11/10/2021,653.01001,660.330017,642.109985,646.909973,646.909973,2405800
11/11/2021,650.23999,665.820007,649.710022,657.580017,657.580017,2868300
11/12/2021,660.01001,683.340027,653.820007,682.609985,682.609985,4198400
11/15/2021,681.23999,685.26001,671.48999,679.330017,679.330017,2872200
11/16/2021,678.27002,688.359985,676.900024,687.400024,687.400024,2077400
11/17/2021,690,700.98999,686.090027,691.690002,691.690002,2732800
11/18/2021,691.609985,691.73999,679.73999,682.02002,682.02002,2012900
11/19/2021,692.349976,694.159973,675,678.799988,678.799988,2613700
11/22/2021,676.02002,679.47998,656.469971,659.200012,659.200012,2764400
11/23/2021,658.179993,666.429993,646.049988,654.059998,654.059998,2320200
11/24/2021,658.01001,661.440002,651.099976,658.289978,658.289978,1867300
11/26/2021,675,676.409973,660.669983,665.640015,665.640015,2872500
11/29/2021,663.200012,667.98999,658.289978,663.840027,663.840027,2529400
11/30/2021,668.200012,675.380005,640.01001,641.900024,641.900024,5608900
12/1/2021,649.47998,654.52002,617.070007,617.77002,617.77002,3882800
12/2/2021,617.099976,625.359985,612.880005,616.469971,616.469971,3331100
12/3/2021,622.75,625.5,594,602.130005,602.130005,4829300
12/6/2021,606.01001,617.289978,601,612.690002,612.690002,3075700
12/7/2021,619.830017,628.890015,611.400024,625.580017,625.580017,3125200
12/8/2021,630,632.460022,623.200012,628.080017,628.080017,2220300
12/9/2021,627.580017,630.23999,610.440002,611,611,2376300
12/10/2021,616.780029,617.73999,605.880005,611.659973,611.659973,2748800
12/13/2021,612,612.640015,599.52002,604.559998,604.559998,2517900
12/14/2021,598.710022,602.289978,588.130005,597.98999,597.98999,2984500
12/15/2021,598.179993,605.690002,584.51001,605.039978,605.039978,2866200
12/16/2021,597.090027,602.830017,588,591.059998,591.059998,3143200
12/17/2021,591.609985,593.25,581.73999,586.72998,586.72998,4386900
12/20/2021,586.429993,602.880005,584.26001,593.73999,593.73999,3358400
12/21/2021,597.539978,607.820007,593.859985,604.919983,604.919983,2319400
12/22/2021,603.359985,614.820007,602.630005,614.23999,614.23999,2335700
12/23/2021,616.400024,616.880005,607.570007,614.090027,614.090027,1621100
12/27/2021,615,615,609.25,613.119995,613.119995,2061500
12/28/2021,614.950012,618.409973,609.690002,610.710022,610.710022,1882800
12/29/2021,610.710022,613.97998,604.679993,610.539978,610.539978,1287200
12/30/2021,612.98999,620.609985,611.23999,612.090027,612.090027,1625100
12/31/2021,610.01001,614.080017,602.049988,602.440002,602.440002,1995900
1/3/2022,605.609985,609.98999,590.559998,597.369995,597.369995,3067500
1/4/2022,599.909973,600.409973,581.599976,591.150024,591.150024,4393100
1/5/2022,592,592.840027,566.880005,567.52002,567.52002,4148700
1/6/2022,554.340027,563.359985,542.01001,553.289978,553.289978,5711800
1/7/2022,549.460022,553.429993,538.219971,541.059998,541.059998,3382900
1/10/2022,538.48999,543.690002,526.320007,539.849976,539.849976,4486100
1/11/2022,536.98999,543.909973,530.070007,540.840027,540.840027,3077800
1/12/2022,544.27002,544.27002,532.02002,537.219971,537.219971,3787400
1/13/2022,537.059998,540.789978,518.26001,519.200012,519.200012,4475100
1/14/2022,517.599976,538.369995,511.880005,525.690002,525.690002,7861100
1/18/2022,520.080017,521.75,508.679993,510.799988,510.799988,4839100
1/19/2022,515,523.210022,510.51001,515.859985,515.859985,4353500
1/20/2022,517.75,526.640015,506.929993,508.25,508.25,12659000
1/21/2022,400.429993,409.149994,379.98999,397.5,397.5,58904300
1/24/2022,383.910004,387.26001,351.459991,387.149994,387.149994,32346000
1/25/2022,379.140015,387.709991,365.130005,366.420013,366.420013,15145800
1/26/2022,378.269989,382.660004,356.619995,359.700012,359.700012,12684000
1/27/2022,382.059998,394.799988,378.100006,386.700012,386.700012,24324700
1/28/2022,386.76001,387,372.079987,384.359985,384.359985,11966600
1/31/2022,401.970001,427.700012,398.200012,427.140015,427.140015,20047500
2/1/2022,432.959991,458.480011,425.540009,457.130005,457.130005,22568100
2/2/2022,448.25,451.980011,426.480011,429.480011,429.480011,14346000
2/3/2022,421.440002,429.26001,404.279999,405.600006,405.600006,9905200
2/4/2022,407.309998,412.769989,396.640015,410.170013,410.170013,7789800
2/7/2022,410.170013,412.350006,393.549988,402.100006,402.100006,8232900
2/8/2022,398.179993,406.609985,395.829987,403.529999,403.529999,6818500
2/9/2022,408.649994,412.980011,398.790009,412.890015,412.890015,7738200
2/10/2022,402.100006,408,396.359985,406.269989,406.269989,8452900
2/11/2022,405.329987,411.609985,387.649994,391.309998,391.309998,7558900
2/14/2022,387.589996,409.359985,386.890015,396.570007,396.570007,7202200
2/15/2022,403.790009,409.160004,401.01001,407.459991,407.459991,5392300
2/16/2022,401.529999,401.559998,390.380005,398.079987,398.079987,5277700
2/17/2022,394.23999,399.109985,385.700012,386.670013,386.670013,4669200
2/18/2022,392.529999,402.869995,389.049988,391.290009,391.290009,6801700
2/22/2022,388.950012,392.420013,373.019989,377.380005,377.380005,6697500
2/23/2022,382.720001,386,366.660004,367.459991,367.459991,4614300
2/24/2022,355.089996,390.730011,354.720001,390.029999,390.029999,7068700
2/25/2022,386.609985,391.290009,375.579987,390.799988,390.799988,4841600
2/28/2022,387.329987,397.75,382.130005,394.519989,394.519989,5035000
3/1/2022,391.600006,395,383.709991,386.23999,386.23999,3290400
3/2/2022,388.929993,389.220001,375.209991,380.029999,380.029999,5356800
3/3/2022,386,386.119995,364.649994,368.070007,368.070007,6076800
3/4/2022,368,374.820007,357.170013,361.730011,361.730011,5325500
3/7/2022,360.410004,362,350.200012,350.26001,350.26001,5708400
3/8/2022,349.799988,358.859985,340.670013,341.76001,341.76001,6428700
3/9/2022,357.690002,364.140015,350.51001,358.790009,358.790009,6520200
3/10/2022,356.200012,367.019989,353.299988,356.769989,356.769989,4807800
3/11/2022,361.190002,363.359985,340,340.320007,340.320007,4819900
3/14/2022,338.720001,341.320007,329.820007,331.01001,331.01001,5907800
3/15/2022,335.100006,345.359985,332.359985,343.75,343.75,5460600
3/16/2022,348.200012,359.98999,343.059998,357.529999,357.529999,6982500
3/17/2022,359.700012,373.309998,354.880005,371.399994,371.399994,5818300
3/18/2022,372,381.799988,368.470001,380.600006,380.600006,8324800
3/21/2022,378.019989,381.820007,368.940002,374.589996,374.589996,4866500
3/22/2022,371.140015,386.660004,366.76001,382.920013,382.920013,4242800
3/23/2022,379.769989,382.459991,374.48999,374.48999,374.48999,3729000
3/24/2022,379.76001,379.76001,368.899994,375.709991,375.709991,3888500
3/25/2022,377.070007,377.640015,366.429993,373.850006,373.850006,3574500
3/28/2022,375.230011,380.279999,366.730011,378.51001,378.51001,4323400
3/29/2022,384.390015,396.5,380.329987,391.820007,391.820007,5880700
3/30/2022,389.549988,392.700012,378.630005,381.470001,381.470001,4023300
3/31/2022,383.589996,384,373.609985,374.589996,374.589996,4134700
4/1/2022,376.799988,380.869995,368.5,373.470001,373.470001,4644200
4/4/2022,373.549988,396.019989,373.130005,391.5,391.5,7001800
4/5/2022,389.299988,390,377.309998,380.149994,380.149994,4234500
4/6/2022,374.149994,376.470001,362.730011,368.350006,368.350006,4354900
4/7/2022,365,368.540009,353.690002,362.149994,362.149994,4948900
4/8/2022,361.959991,362.5,354.869995,355.880005,355.880005,4025200
4/11/2022,350,354.779999,345.200012,348,348,3777100
4/12/2022,355.910004,359.410004,342.25,344.100006,344.100006,3824300
4/13/2022,343.920013,352,341.160004,350.429993,350.429993,3231000
4/14/2022,350.950012,352,339.859985,341.130005,341.130005,4343800
4/18/2022,340,342.359985,331.619995,337.859985,337.859985,5105000
4/19/2022,333.220001,351.679993,333.220001,348.609985,348.609985,20906900
4/20/2022,245.199997,248.699997,212.509995,226.190002,226.190002,133387500
4/21/2022,220,227.679993,211.520004,218.220001,218.220001,53501600
4/22/2022,220.179993,226.270004,210.050003,215.520004,215.520004,37515100
4/25/2022,213.809998,216.660004,204.509995,209.910004,209.910004,28152000
4/26/2022,208.800003,209.149994,198.279999,198.399994,198.399994,20318100
4/27/2022,194.009995,200.190002,187.770004,188.539993,188.539993,22298400
4/28/2022,191.559998,201.479996,185.600006,199.520004,199.520004,21363200
4/29/2022,198.679993,204.710007,190,190.360001,190.360001,16356600
5/2/2022,191.710007,200.210007,190.009995,199.460007,199.460007,14591600
5/3/2022,198.289993,203.199997,194.770004,199.869995,199.869995,11839400
5/4/2022,197.649994,204.380005,191.009995,204.009995,204.009995,12218800
5/5/2022,200.449997,200.710007,186,188.320007,188.320007,13971300
5/6/2022,186.75,187.210007,175.809998,180.970001,180.970001,17167500
5/9/2022,177.660004,183.199997,172.300003,173.100006,173.100006,14031300
5/10/2022,176.009995,181.869995,170.570007,177.660004,177.660004,13883900
5/11/2022,176.089996,180.919998,165.550003,166.369995,166.369995,12665500
5/12/2022,163.960007,177.580002,162.710007,174.309998,174.309998,17662100
5/13/2022,177.160004,187.770004,176.009995,187.639999,187.639999,13103800
5/16/2022,193.300003,195.889999,185.699997,186.509995,186.509995,16145000
5/17/2022,189.169998,191.399994,185.169998,190.559998,190.559998,9876700
5/18/2022,186.720001,187.699997,176.270004,177.190002,177.190002,9665600
5/19/2022,178.050003,186.300003,175.710007,183.479996,183.479996,10448500
5/20/2022,185.869995,190.190002,179.770004,186.350006,186.350006,10422600
5/23/2022,186.149994,187.660004,177.889999,187.440002,187.440002,9602000
5/24/2022,182,184,177.169998,180.339996,180.339996,7706400
5/25/2022,180.279999,188.869995,180.169998,187.830002,187.830002,8522100
5/26/2022,186.490005,192.339996,183.089996,191.399994,191.399994,8049900
5/27/2022,193.190002,195.25,190.369995,195.190002,195.190002,8586000
5/31/2022,196.179993,199.949997,190.800003,197.440002,197.440002,11398500
6/1/2022,198.699997,202.740005,191.660004,192.910004,192.910004,8416200
6/2/2022,192.020004,205.470001,191.720001,205.089996,205.089996,9623100
6/3/2022,200.139999,202.949997,198.050003,198.979996,198.979996,7181700
